imie,nazwisko,email,pesel
Jan,Kowalski,jan.kowalski@example.com,
Anna,Nowak,anna.nowak@example.com,
Piotr,Wójcik,piotr.wojcik@example.com,
Katarzyna,Kwiatkowska,katarzyna.kwiatkowska@example.com,
Michał,Krawczyk,michal.krawczyk@example.com,
Aleksandra,Wojciechowska,aleksandra.wojciechowska@example.com,
Tomasz,Kamiński,tomasz.kaminski@example.com,
Małgorzata,Leśniewska,malgorzata.lesniewska@example.com,
Paweł,Zieliński,pawel.zielinski@example.com,
Magdalena,Sobczak,magdalena.sobczak@example.com,
Andrzej,Dąbrowski,andrzej.dabrowski@example.com,
Joanna,Majewska,joanna.majewska@example.com,
Marcin,Grabowski,marcin.grabowski@example.com,
Ewa,Stępień,ewa.stepien@example.com,
Łukasz,Piotrowski,lukasz.piotrowski@example.com,
Monika,Wróbel,monika.wrobel@example.com,
Grzegorz,Jankowski,grzegorz.jankowski@example.com,
Paulina,Mazurek,paulina.mazurek@example.com,
Krzysztof,Olszewski,krzysztof.olszewski@example.com,
Sylwia,Barańska,sylwia.baranska@example.com,
